[
	 {
	"author" : "Aspette", 
	"name" : "darkOpacity 2.1", 
	"keyWords" : "darkOpacity", 
	"version" : "2.1.0", 
	"dofusVersion" : "2.48", 
	"description" : "La version 2.1 de darkOpacity compatible 2.47 et 2.48. (My Twitter : @Aspette)", 
	"url" : "https://github.com/aspette/dofus_themes/raw/master/darkOpacity210.zip", 
	"previewUrl" : "https://github.com/aspette/dofus_themes/raw/master/darkOpacity210.jpg", 
	"creationDate" : "01/08/2017", 
	"modificationDate" : "03/09/2018"
    }
] 